DAY,no.,단어
DAY 01,1,chore
DAY 01,2,laundry
DAY 01,3,flavor
DAY 01,4,recipe
DAY 01,5,beverage
DAY 01,6,operate
DAY 01,7,edible
DAY 01,8,shelf
DAY 01,9,quite
DAY 01,10,quiet
DAY 01,11,sweep
DAY 01,12,glance
DAY 01,13,match
DAY 01,14,furniture
DAY 01,15,manual
DAY 01,16,value
DAY 01,17,pot
DAY 01,18,grocery
DAY 01,19,striped
DAY 01,20,mind
DAY 01,21,receipt
DAY 01,22,bitter
DAY 01,23,appearance
DAY 01,24,iron
DAY 01,25,palm
DAY 01,26,fancy
DAY 01,27,soak
DAY 01,28,appeal
DAY 01,29,compare
DAY 01,30,compel
DAY 01,31,browse
DAY 01,32,appetite
DAY 01,33,attach
DAY 01,34,shut
DAY 01,35,tender
DAY 01,36,pour
DAY 01,37,lean
DAY 01,38,temporary
DAY 01,39,cottage
DAY 01,40,minute
DAY 02,1,active
DAY 02,2,excellent
DAY 02,3,lecture
DAY 02,4,academic
DAY 02,5,encourage
DAY 02,6,debate
DAY 02,7,president
DAY 02,8,assignment
DAY 02,9,principal
DAY 02,10,principle
DAY 02,11,graduate
DAY 02,12,sense
DAY 02,13,real
DAY 02,14,annual
DAY 02,15,collect
DAY 02,16,deadline
DAY 02,17,confident
DAY 02,18,include
DAY 02,19,shout
DAY 02,20,subject
DAY 02,21,participate
DAY 02,22,auditorium
DAY 02,23,inform
DAY 02,24,duty
DAY 02,25,evaluate
DAY 02,26,minimum
DAY 02,27,introduction
DAY 02,28,photograph
DAY 02,29,council
DAY 02,30,conceal
DAY 02,31,session
DAY 02,32,strict
DAY 02,33,twist
DAY 02,34,spill
DAY 02,35,union
DAY 02,36,maximum
DAY 02,37,semester
DAY 02,38,ceiling
DAY 02,39,stationery
DAY 02,40,term
DAY 03,1,journey
DAY 03,2,theater
DAY 03,3,fee
DAY 03,4,prepare
DAY 03,5,surprised
DAY 03,6,receive
DAY 03,7,nervous
DAY 03,8,stage
DAY 03,9,vacation
DAY 03,10,vocation
DAY 03,11,pack
DAY 03,12,host
DAY 03,13,private
DAY 03,14,craft
DAY 03,15,post
DAY 03,16,relieve
DAY 03,17,practice
DAY 03,18,souvenir
DAY 03,19,decorate
DAY 03,20,book
DAY 03,21,reserve
DAY 03,22,wrap
DAY 03,23,occasion
DAY 03,24,allow
DAY 03,25,ensure
DAY 03,26,agent
DAY 03,27,argue
DAY 03,28,confirm
DAY 03,29,wonder
DAY 03,30,wander
DAY 03,31,capital
DAY 03,32,absolute
DAY 03,33,anticipate
DAY 03,34,leisure
DAY 03,35,undergo
DAY 03,36,spare
DAY 03,37,aquarium
DAY 03,38,applaud
DAY 03,39,insurance
DAY 03,40,return
DAY 04,1,career
DAY 04,2,skill
DAY 04,3,task
DAY 04,4,tend
DAY 04,5,position
DAY 04,6,hire
DAY 04,7,quit
DAY 04,8,proud
DAY 04,9,labor
DAY 04,10,label
DAY 04,11,familiar
DAY 04,12,spread
DAY 04,13,divide
DAY 04,14,retire
DAY 04,15,vision
DAY 04,16,obstacle
DAY 04,17,contrary
DAY 04,18,arrange
DAY 04,19,attempt
DAY 04,20,board
DAY 04,21,presentation
DAY 04,22,accomplish
DAY 04,23,convince
DAY 04,24,audience
DAY 04,25,wage
DAY 04,26,previous
DAY 04,27,spend
DAY 04,28,distinguish
DAY 04,29,former
DAY 04,30,formal
DAY 04,31,envious
DAY 04,32,vice
DAY 04,33,architect
DAY 04,34,relevant
DAY 04,35,enthusiasm
DAY 04,36,desirable
DAY 04,37,dismiss
DAY 04,38,competent
DAY 04,39,memorize
DAY 04,40,fix
DAY 05,1,muscle
DAY 05,2,regular
DAY 05,3,stretch
DAY 05,4,reduce
DAY 05,5,opponent
DAY 05,6,recommend
DAY 05,7,warn
DAY 05,8,cause
DAY 05,9,lose
DAY 05,10,loose
DAY 05,11,rather
DAY 05,12,straight
DAY 05,13,meanwhile
DAY 05,14,continuous
DAY 05,15,ordinary
DAY 05,16,relationship
DAY 05,17,throat
DAY 05,18,encounter
DAY 05,19,disturb
DAY 05,20,lead
DAY 05,21,capable
DAY 05,22,proper
DAY 05,23,frequent
DAY 05,24,symptom
DAY 05,25,monitor
DAY 05,26,consume
DAY 05,27,struggle
DAY 05,28,strengthen
DAY 05,29,slide
DAY 05,30,slice
DAY 05,31,sufficient
DAY 05,32,fulfill
DAY 05,33,suggest
DAY 05,34,fatigue
DAY 05,35,intake
DAY 05,36,pace
DAY 05,37,disorder
DAY 05,38,flexible
DAY 05,39,supplement
DAY 05,40,physical
DAY 06,1,relax
DAY 06,2,grateful
DAY 06,3,complain
DAY 06,4,delighted
DAY 06,5,express
DAY 06,6,reward
DAY 06,7,frustrated
DAY 06,8,recognize
DAY 06,9,temper
DAY 06,10,temple
DAY 06,11,object
DAY 06,12,disappointed
DAY 06,13,anxious
DAY 06,14,insist
DAY 06,15,sudden
DAY 06,16,immediate
DAY 06,17,appreciate
DAY 06,18,pale
DAY 06,19,purpose
DAY 06,20,race
DAY 06,21,discouraged
DAY 06,22,stare
DAY 06,23,burst
DAY 06,24,miserable
DAY 06,25,embarrassed
DAY 06,26,hardly
DAY 06,27,panic
DAY 06,28,correspond
DAY 06,29,cruel
DAY 06,30,crucial
DAY 06,31,isolated
DAY 06,32,awkward
DAY 06,33,sympathy
DAY 06,34,terrifying
DAY 06,35,optimistic
DAY 06,36,sincere
DAY 06,37,likely
DAY 06,38,endure
DAY 06,39,cognitive
DAY 06,40,reflect
DAY 07,1,similar
DAY 07,2,situation
DAY 07,3,related
DAY 07,4,suppose
DAY 07,5,social
DAY 07,6,unique
DAY 07,7,prefer
DAY 07,8,remain
DAY 07,9,distract
DAY 07,10,district
DAY 07,11,apologize
DAY 07,12,refer
DAY 07,13,colleague
DAY 07,14,rely
DAY 07,15,mistake
DAY 07,16,request
DAY 07,17,assume
DAY 07,18,refuse
DAY 07,19,reply
DAY 07,20,degree
DAY 07,21,capacity
DAY 07,22,passion
DAY 07,23,surround
DAY 07,24,indeed
DAY 07,25,imitate
DAY 07,26,bond
DAY 07,27,obtain
DAY 07,28,precious
DAY 07,29,contribute
DAY 07,30,distribute
DAY 07,31,reject
DAY 07,32,gaze
DAY 07,33,cherish
DAY 07,34,hospitality
DAY 07,35,uncover
DAY 07,36,casual
DAY 07,37,mutual
DAY 07,38,farewell
DAY 07,39,owe
DAY 07,40,treat
DAY 08,1,comment
DAY 08,2,popular
DAY 08,3,develop
DAY 08,4,moment
DAY 08,5,public
DAY 08,6,promise
DAY 08,7,select
DAY 08,8,pleasure
DAY 08,9,involve
DAY 08,10,evolve
DAY 08,11,range
DAY 08,12,stuff
DAY 08,13,journal
DAY 08,14,describe
DAY 08,15,otherwise
DAY 08,16,share
DAY 08,17,jealous
DAY 08,18,translate
DAY 08,19,nod
DAY 08,20,mean
DAY 08,21,conclude
DAY 08,22,intend
DAY 08,23,worth
DAY 08,24,outcome
DAY 08,25,honor
DAY 08,26,internal
DAY 08,27,verbal
DAY 08,28,besides
DAY 08,29,cure
DAY 08,30,core
DAY 08,31,strike
DAY 08,32,channel
DAY 08,33,gratitude
DAY 08,34,metaphor
DAY 08,35,interpret
DAY 08,36,insult
DAY 08,37,weird
DAY 08,38,random
DAY 08,39,remark
DAY 08,40,sentence
DAY 09,1,just
DAY 09,2,moral
DAY 09,3,peer
DAY 09,4,achieve
DAY 09,5,path
DAY 09,6,necessary
DAY 09,7,selfish
DAY 09,8,penalty
DAY 09,9,adopt
DAY 09,10,adapt
DAY 09,11,pause
DAY 09,12,incentive
DAY 09,13,sacrifice
DAY 09,14,generous
DAY 09,15,appropriate
DAY 09,16,chase
DAY 09,17,deserve
DAY 09,18,pretend
DAY 09,19,neglect
DAY 09,20,lie
DAY 09,21,devote
DAY 09,22,admit
DAY 09,23,gender
DAY 09,24,permit
DAY 09,25,spouse
DAY 09,26,ultimate
DAY 09,27,cheat
DAY 09,28,extraordinary
DAY 09,29,ethnic
DAY 09,30,ethical
DAY 09,31,fundamental
DAY 09,32,modify
DAY 09,33,instinct
DAY 09,34,volunteer
DAY 09,35,conscious
DAY 09,36,tempt
DAY 09,37,humble
DAY 09,38,ashamed
DAY 09,39,prejudice
DAY 09,40,order
DAY 10,1,welfare
DAY 10,2,victim
DAY 10,3,population
DAY 10,4,neighbor
DAY 10,5,ignore
DAY 10,6,donate
DAY 10,7,serious
DAY 10,8,fund
DAY 10,9,personal
DAY 10,10,personnel
DAY 10,11,half
DAY 10,12,concern
DAY 10,13,rescue
DAY 10,14,critic
DAY 10,15,charity
DAY 10,16,rage
DAY 10,17,afford
DAY 10,18,unite
DAY 10,19,orphan
DAY 10,20,bear
DAY 10,21,abandon
DAY 10,22,crash
DAY 10,23,promote
DAY 10,24,decade
DAY 10,25,establish
DAY 10,26,burden
DAY 10,27,assist
DAY 10,28,resolve
DAY 10,29,detect
DAY 10,30,defeat
DAY 10,31,capture
DAY 10,32,perspective
DAY 10,33,desperate
DAY 10,34,apparent
DAY 10,35,contradict
DAY 10,36,aggressive
DAY 10,37,companion
DAY 10,38,compromise
DAY 10,39,commitment
DAY 10,40,stock
DAY 11,1,publish
DAY 11,2,literature
DAY 11,3,fiction
DAY 11,4,author
DAY 11,5,symbol
DAY 11,6,plot
DAY 11,7,collaborate
DAY 11,8,statue
DAY 11,9,state
DAY 11,10,status
DAY 11,11,fit
DAY 11,12,movement
DAY 11,13,brilliant
DAY 11,14,prior
DAY 11,15,outline
DAY 11,16,sort
DAY 11,17,portrait
DAY 11,18,tale
DAY 11,19,add
DAY 11,20,volume
DAY 11,21,wisdom
DAY 11,22,impressed
DAY 11,23,emphasize
DAY 11,24,bold
DAY 11,25,admire
DAY 11,26,vivid
DAY 11,27,multiple
DAY 11,28,profound
DAY 11,29,terrible
DAY 11,30,terrific
DAY 11,31,calculate
DAY 11,32,opportunity
DAY 11,33,poetry
DAY 11,34,recall
DAY 11,35,inferior
DAY 11,36,spirit
DAY 11,37,fade
DAY 11,38,generation
DAY 11,39,masterpiece
DAY 11,40,figure
DAY 12,1,perform
DAY 12,2,feature
DAY 12,3,genre
DAY 12,4,instrument
DAY 12,5,broadcast
DAY 12,6,artwork
DAY 12,7,suit
DAY 12,8,inspire
DAY 12,9,belief
DAY 12,10,brief
DAY 12,11,upset
DAY 12,12,respond
DAY 12,13,steady
DAY 12,14,dislike
DAY 12,15,define
DAY 12,16,celebrity
DAY 12,17,genius
DAY 12,18,visual
DAY 12,19,compose
DAY 12,20,deal
DAY 12,21,poll
DAY 12,22,pitch
DAY 12,23,eager
DAY 12,24,silly
DAY 12,25,furious
DAY 12,26,barely
DAY 12,27,thrill
DAY 12,28,particular
DAY 12,29,constant
DAY 12,30,consistent
DAY 12,31,employ
DAY 12,32,illusion
DAY 12,33,funeral
DAY 12,34,whisper
DAY 12,35,elaborate
DAY 12,36,bunch
DAY 12,37,atmosphere
DAY 12,38,escape
DAY 12,39,cultivate
DAY 12,40,cast
DAY 13,1,represent
DAY 13,2,exhibit
DAY 13,3,minister
DAY 13,4,vary
DAY 13,5,tribe
DAY 13,6,community
DAY 13,7,consider
DAY 13,8,concept
DAY 13,9,pray
DAY 13,10,prey
DAY 13,11,myth
DAY 13,12,attitude
DAY 13,13,priest
DAY 13,14,approve
DAY 13,15,carve
DAY 13,16,primitive
DAY 13,17,invade
DAY 13,18,arise
DAY 13,19,register
DAY 13,20,custom
DAY 13,21,punish
DAY 13,22,tie
DAY 13,23,indicate
DAY 13,24,humor
DAY 13,25,stack
DAY 13,26,odd
DAY 13,27,persist
DAY 13,28,insight
DAY 13,29,novel
DAY 13,30,noble
DAY 13,31,outstanding
DAY 13,32,resist
DAY 13,33,hesitate
DAY 13,34,protest
DAY 13,35,restore
DAY 13,36,associate
DAY 13,37,heritage
DAY 13,38,restriction
DAY 13,39,perceive
DAY 13,40,scale
DAY 14,1,ancient
DAY 14,2,tradition
DAY 14,3,origin
DAY 14,4,folk
DAY 14,5,device
DAY 14,6,usual
DAY 14,7,ritual
DAY 14,8,entire
DAY 14,9,region
DAY 14,10,religion
DAY 14,11,record
DAY 14,12,settle
DAY 14,13,occupation
DAY 14,14,mass
DAY 14,15,tap
DAY 14,16,grasp
DAY 14,17,fame
DAY 14,18,comfort
DAY 14,19,hole
DAY 14,20,succeed
DAY 14,21,routine
DAY 14,22,numerous
DAY 14,23,legend
DAY 14,24,military
DAY 14,25,weapon
DAY 14,26,celebrate
DAY 14,27,combat
DAY 14,28,historical
DAY 14,29,royal
DAY 14,30,loyal
DAY 14,31,harvest
DAY 14,32,illustrate
DAY 14,33,dare
DAY 14,34,voyage
DAY 14,35,conventional
DAY 14,36,contemporary
DAY 14,37,revolution
DAY 14,38,cooperation
DAY 14,39,conquer
DAY 14,40,stable
DAY 15,1,university
DAY 15,2,education
DAY 15,3,focus
DAY 15,4,entry
DAY 15,5,medical
DAY 15,6,accept
DAY 15,7,pioneer
DAY 15,8,mathematics
DAY 15,9,professor
DAY 15,10,profession
DAY 15,11,theory
DAY 15,12,philosophy
DAY 15,13,method
DAY 15,14,praise
DAY 15,15,standard
DAY 15,16,character
DAY 15,17,throw
DAY 15,18,psychology
DAY 15,19,intention
DAY 15,20,apply
DAY 15,21,tune
DAY 15,22,submit
DAY 15,23,logical
DAY 15,24,blame
DAY 15,25,display
DAY 15,26,likewise
DAY 15,27,discipline
DAY 15,28,boost
DAY 15,29,shallow
DAY 15,30,swallow
DAY 15,31,bias
DAY 15,32,string
DAY 15,33,examination
DAY 15,34,rational
DAY 15,35,laboratory
DAY 15,36,authority
DAY 15,37,misunderstanding
DAY 15,38,pursue
DAY 15,39,deprived
DAY 15,40,spell
DAY 16,1,nature
DAY 16,2,experiment
DAY 16,3,condition
DAY 16,4,distance
DAY 16,5,evidence
DAY 16,6,chemical
DAY 16,7,fluid
DAY 16,8,extensive
DAY 16,9,process
DAY 16,10,progress
DAY 16,11,planet
DAY 16,12,conduct
DAY 16,13,solid
DAY 16,14,eternal
DAY 16,15,gravity
DAY 16,16,melt
DAY 16,17,astronaut
DAY 16,18,smooth
DAY 16,19,oxygen
DAY 16,20,support
DAY 16,21,acid
DAY 16,22,orbit
DAY 16,23,toxic
DAY 16,24,atom
DAY 16,25,liquid
DAY 16,26,universe
DAY 16,27,reverse
DAY 16,28,extend
DAY 16,29,extent
DAY 16,30,expand
DAY 16,31,preserve
DAY 16,32,vapor
DAY 16,33,invisible
DAY 16,34,substance
DAY 16,35,particle
DAY 16,36,moisture
DAY 16,37,abstract
DAY 16,38,valid
DAY 16,39,invention
DAY 16,40,stick
DAY 17,1,biology
DAY 17,2,gene
DAY 17,3,factor
DAY 17,4,trace
DAY 17,5,require
DAY 17,6,structure
DAY 17,7,research
DAY 17,8,intelligent
DAY 17,9,sign
DAY 17,10,sigh
DAY 17,11,insect
DAY 17,12,circumstance
DAY 17,13,normal
DAY 17,14,threat
DAY 17,15,improve
DAY 17,16,repeat
DAY 17,17,resemble
DAY 17,18,protein
DAY 17,19,hatch
DAY 17,20,direct
DAY 17,21,individual
DAY 17,22,silent
DAY 17,23,fiber
DAY 17,24,ancestor
DAY 17,25,yawn
DAY 17,26,pregnant
DAY 17,27,stimulate
DAY 17,28,slightly
DAY 17,29,bleed
DAY 17,30,breed
DAY 17,31,crawl
DAY 17,32,sensation
DAY 17,33,sequence
DAY 17,34,blink
DAY 17,35,interfere
DAY 17,36,identical
DAY 17,37,empathy
DAY 17,38,dramatic
DAY 17,39,explicit
DAY 17,40,tissue
DAY 18,1,stomach
DAY 18,2,pill
DAY 18,3,thumb
DAY 18,4,wound
DAY 18,5,therapy
DAY 18,6,surgery
DAY 18,7,physician
DAY 18,8,positive
DAY 18,9,grab
DAY 18,10,grip
DAY 18,11,prevent
DAY 18,12,suffer
DAY 18,13,ruin
DAY 18,14,organ
DAY 18,15,instead
DAY 18,16,ankle
DAY 18,17,nutrition
DAY 18,18,decrease
DAY 18,19,trouble
DAY 18,20,seal
DAY 18,21,track
DAY 18,22,perhaps
DAY 18,23,bump
DAY 18,24,alert
DAY 18,25,slip
DAY 18,26,modest
DAY 18,27,disabled
DAY 18,28,rapid
DAY 18,29,spin
DAY 18,30,spine
DAY 18,31,rare
DAY 18,32,beat
DAY 18,33,indifferent
DAY 18,34,sew
DAY 18,35,antibiotic
DAY 18,36,chronic
DAY 18,37,sight
DAY 18,38,fatal
DAY 18,39,tremble
DAY 18,40,patient
DAY 19,1,modern
DAY 19,2,mobile
DAY 19,3,function
DAY 19,4,machine
DAY 19,5,repair
DAY 19,6,efficient
DAY 19,7,install
DAY 19,8,innovation
DAY 19,9,trust
DAY 19,10,truth
DAY 19,11,imagine
DAY 19,12,artificial
DAY 19,13,adjust
DAY 19,14,ideal
DAY 19,15,gather
DAY 19,16,mechanic
DAY 19,17,portable
DAY 19,18,remove
DAY 19,19,master
DAY 19,20,screen
DAY 19,21,widespread
DAY 19,22,edge
DAY 19,23,remind
DAY 19,24,acquire
DAY 19,25,interact
DAY 19,26,scatter
DAY 19,27,virtual
DAY 19,28,convert
DAY 19,29,ease
DAY 19,30,erase
DAY 19,31,navigate
DAY 19,32,reproduce
DAY 19,33,differ
DAY 19,34,instruction
DAY 19,35,significant
DAY 19,36,satellite
DAY 19,37,demonstrate
DAY 19,38,emerge
DAY 19,39,trigger
DAY 19,40,current
DAY 20,1,traffic
DAY 20,2,major
DAY 20,3,route
DAY 20,4,rush
DAY 20,5,vehicle
DAY 20,6,transport
DAY 20,7,utilize
DAY 20,8,remote
DAY 20,9,leap
DAY 20,10,leak
DAY 20,11,guess
DAY 20,12,temperature
DAY 20,13,passage
DAY 20,14,flat
DAY 20,15,enormous
DAY 20,16,accurate
DAY 20,17,freeze
DAY 20,18,gear
DAY 20,19,fuel
DAY 20,20,miss
DAY 20,21,license
DAY 20,22,construction
DAY 20,23,wireless
DAY 20,24,nevertheless
DAY 20,25,barrier
DAY 20,26,lift
DAY 20,27,curved
DAY 20,28,eliminate
DAY 20,29,commit
DAY 20,30,commute
DAY 20,31,drag
DAY 20,32,fasten
DAY 20,33,precise
DAY 20,34,vital
DAY 20,35,component
DAY 20,36,seldom
DAY 20,37,enhance
DAY 20,38,sink
DAY 20,39,destination
DAY 20,40,station
DAY 21,1,wild
DAY 21,2,species
DAY 21,3,bark
DAY 21,4,nest
DAY 21,5,certain
DAY 21,6,greet
DAY 21,7,seed
DAY 21,8,predator
DAY 21,9,scene
DAY 21,10,scent
DAY 21,11,shape
DAY 21,12,fierce
DAY 21,13,ripe
DAY 21,14,lay
DAY 21,15,male
DAY 21,16,foster
DAY 21,17,surface
DAY 21,18,engage
DAY 21,19,location
DAY 21,20,store
DAY 21,21,attract
DAY 21,22,poison
DAY 21,23,weigh
DAY 21,24,automatic
DAY 21,25,role
DAY 21,26,exchange
DAY 21,27,contain
DAY 21,28,trail
DAY 21,29,trait
DAY 21,30,trial
DAY 21,31,overcome
DAY 21,32,tiny
DAY 21,33,exceed
DAY 21,34,bury
DAY 21,35,stem
DAY 21,36,diameter
DAY 21,37,fascinate
DAY 21,38,furthermore
DAY 21,39,concentrate
DAY 21,40,general
DAY 22,1,ecosystem
DAY 22,2,desert
DAY 22,3,creature
DAY 22,4,mature
DAY 22,5,habitat
DAY 22,6,maintain
DAY 22,7,tide
DAY 22,8,balance
DAY 22,9,grand
DAY 22,10,grant
DAY 22,11,huge
DAY 22,12,pile
DAY 22,13,react
DAY 22,14,exist
DAY 22,15,shade
DAY 22,16,element
DAY 22,17,layer
DAY 22,18,horizon
DAY 22,19,observe
DAY 22,20,block
DAY 22,21,reason
DAY 22,22,herd
DAY 22,23,filter
DAY 22,24,eco-friendly
DAY 22,25,portion
DAY 22,26,deadly
DAY 22,27,tension
DAY 22,28,migrate
DAY 22,29,access
DAY 22,30,excess
DAY 22,31,expose
DAY 22,32,shelter
DAY 22,33,absorb
DAY 22,34,incredible
DAY 22,35,consist
DAY 22,36,peak
DAY 22,37,weed
DAY 22,38,scare
DAY 22,39,diminish
DAY 22,40,yield
DAY 23,1,climate
DAY 23,2,landscape
DAY 23,3,storm
DAY 23,4,average
DAY 23,5,drown
DAY 23,6,happen
DAY 23,7,rough
DAY 23,8,geography
DAY 23,9,effect
DAY 23,10,affect
DAY 23,11,valley
DAY 23,12,influence
DAY 23,13,damage
DAY 23,14,lack
DAY 23,15,predict
DAY 23,16,aware
DAY 23,17,correct
DAY 23,18,earthquake
DAY 23,19,due
DAY 23,20,level
DAY 23,21,shift
DAY 23,22,narrow
DAY 23,23,drought
DAY 23,24,boundary
DAY 23,25,alarming
DAY 23,26,harsh
DAY 23,27,cease
DAY 23,28,estimate
DAY 23,29,plane
DAY 23,30,plain
DAY 23,31,forecast
DAY 23,32,incident
DAY 23,33,continent
DAY 23,34,spoil
DAY 23,35,tremendous
DAY 23,36,steep
DAY 23,37,territory
DAY 23,38,split
DAY 23,39,flash
DAY 23,40,deposit
DAY 24,1,resource
DAY 24,2,fossil
DAY 24,3,supply
DAY 24,4,common
DAY 24,5,explanation
DAY 24,6,nuclear
DAY 24,7,material
DAY 24,8,essential
DAY 24,9,metal
DAY 24,10,mental
DAY 24,11,solve
DAY 24,12,survive
DAY 24,13,source
DAY 24,14,produce
DAY 24,15,electronic
DAY 24,16,coal
DAY 24,17,benefit
DAY 24,18,vacuum
DAY 24,19,treasure
DAY 24,20,address
DAY 24,21,shortage
DAY 24,22,renewable
DAY 24,23,potential
DAY 24,24,native
DAY 24,25,grain
DAY 24,26,extreme
DAY 24,27,typical
DAY 24,28,contact
DAY 24,29,content
DAY 24,30,context
DAY 24,31,aspect
DAY 24,32,float
DAY 24,33,ingredient
DAY 24,34,ban
DAY 24,35,witness
DAY 24,36,solar
DAY 24,37,starve
DAY 24,38,attribute
DAY 24,39,appliance
DAY 24,40,plant
DAY 25,1,environment
DAY 25,2,release
DAY 25,3,disaster
DAY 25,4,destroy
DAY 25,5,waste
DAY 25,6,period
DAY 25,7,announce
DAY 25,8,occur
DAY 25,9,quality
DAY 25,10,quantity
DAY 25,11,protect
DAY 25,12,loss
DAY 25,13,generate
DAY 25,14,amazed
DAY 25,15,harm
DAY 25,16,intense
DAY 25,17,amount
DAY 25,18,marine
DAY 25,19,permanent
DAY 25,20,fine
DAY 25,21,pesticide
DAY 25,22,alternative
DAY 25,23,respect
DAY 25,24,vast
DAY 25,25,refreshing
DAY 25,26,responsible
DAY 25,27,confuse
DAY 25,28,separate
DAY 25,29,delicate
DAY 25,30,dedicate
DAY 25,31,extinction
DAY 25,32,superior
DAY 25,33,consequence
DAY 25,34,fabric
DAY 25,35,interrupt
DAY 25,36,concrete
DAY 25,37,acknowledge
DAY 25,38,considerable
DAY 25,39,discard
DAY 25,40,matter
DAY 26,1,legal
DAY 26,2,obey
DAY 26,3,arrest
DAY 26,4,report
DAY 26,5,innocent
DAY 26,6,caution
DAY 26,7,charge
DAY 26,8,violate
DAY 26,9,law
DAY 26,10,raw
DAY 26,11,search
DAY 26,12,raise
DAY 26,13,aim
DAY 26,14,criminal
DAY 26,15,suspect
DAY 26,16,neutral
DAY 26,17,accuse
DAY 26,18,firm
DAY 26,19,aid
DAY 26,20,interest
DAY 26,21,complex
DAY 26,22,organize
DAY 26,23,plenty
DAY 26,24,phenomenon
DAY 26,25,mount
DAY 26,26,found
DAY 26,27,prove
DAY 26,28,forbid
DAY 26,29,contrast
DAY 26,30,contract
DAY 26,31,stamp
DAY 26,32,secure
DAY 26,33,conference
DAY 26,34,urge
DAY 26,35,confront
DAY 26,36,persuade
DAY 26,37,scan
DAY 26,38,prohibit
DAY 26,39,moreover
DAY 26,40,determine
DAY 27,1,politics
DAY 27,2,facility
DAY 27,3,vote
DAY 27,4,candidate
DAY 27,5,civil
DAY 27,6,limit
DAY 27,7,conservative
DAY 27,8,belong
DAY 27,9,official
DAY 27,10,officer
DAY 27,11,result
DAY 27,12,survey
DAY 27,13,notice
DAY 27,14,guard
DAY 27,15,profit
DAY 27,16,deny
DAY 27,17,opinion
DAY 27,18,rural
DAY 27,19,urban
DAY 27,20,issue
DAY 27,21,simplify
DAY 27,22,committee
DAY 27,23,accompany
DAY 27,24,proportion
DAY 27,25,household
DAY 27,26,absence
DAY 27,27,primary
DAY 27,28,spot
DAY 27,29,bother
DAY 27,30,border
DAY 27,31,available
DAY 27,32,harbor
DAY 27,33,garage
DAY 27,34,notion
DAY 27,35,suburb
DAY 27,36,resident
DAY 27,37,investigate
DAY 27,38,reinforce
DAY 27,39,govern
DAY 27,40,rate
DAY 28,1,economic
DAY 28,2,budget
DAY 28,3,possible
DAY 28,4,income
DAY 28,5,crisis
DAY 28,6,trade
DAY 28,7,offer
DAY 28,8,specific
DAY 28,9,several
DAY 28,10,severe
DAY 28,11,invest
DAY 28,12,wealth
DAY 28,13,provide
DAY 28,14,merchant
DAY 28,15,finance
DAY 28,16,derive
DAY 28,17,credit
DAY 28,18,substitute
DAY 28,19,debt
DAY 28,20,bill
DAY 28,21,cancel
DAY 28,22,replace
DAY 28,23,property
DAY 28,24,refund
DAY 28,25,branch
DAY 28,26,recover
DAY 28,27,hardship
DAY 28,28,assemble
DAY 28,29,proceed
DAY 28,30,precede
DAY 28,31,stir
DAY 28,32,independent
DAY 28,33,overall
DAY 28,34,approach
DAY 28,35,challenge
DAY 28,36,impact
DAY 28,37,accelerate
DAY 28,38,collapse
DAY 28,39,purchase
DAY 28,40,account
DAY 29,1,industry
DAY 29,2,policy
DAY 29,3,commercial
DAY 29,4,convey
DAY 29,5,international
DAY 29,6,reveal
DAY 29,7,increase
DAY 29,8,depend
DAY 29,9,transfer
DAY 29,10,transform
DAY 29,11,launch
DAY 29,12,deliver
DAY 29,13,measure
DAY 29,14,claim
DAY 29,15,satisfy
DAY 29,16,opposite
DAY 29,17,strategy
DAY 29,18,import
DAY 29,19,trap
DAY 29,20,present
DAY 29,21,consult
DAY 29,22,organic
DAY 29,23,manufacture
DAY 29,24,negative
DAY 29,25,peasant
DAY 29,26,agriculture
DAY 29,27,alter
DAY 29,28,combine
DAY 29,29,compete
DAY 29,30,complete
DAY 29,31,advance
DAY 29,32,imply
DAY 29,33,guarantee
DAY 29,34,chief
DAY 29,35,thrive
DAY 29,36,gain
DAY 29,37,overlook
DAY 29,38,disappear
DAY 29,39,initial
DAY 29,40,domestic
DAY 30,1,magazine
DAY 30,2,article
DAY 30,3,press
DAY 30,4,advertise
DAY 30,5,recent
DAY 30,6,diverse
DAY 30,7,document
DAY 30,8,expert
DAY 30,9,explore
DAY 30,10,explode
DAY 30,11,handle
DAY 30,12,phrase
DAY 30,13,annoy
DAY 30,14,obvious
DAY 30,15,mention
DAY 30,16,entertain
DAY 30,17,detail
DAY 30,18,conflict
DAY 30,19,thus
DAY 30,20,medium
DAY 30,21,depress
DAY 30,22,demand
DAY 30,23,identify
DAY 30,24,award
DAY 30,25,regret
DAY 30,26,regard
DAY 30,27,inquire
DAY 30,28,script
DAY 30,29,decline
DAY 30,30,declare
DAY 30,31,deceive
DAY 30,32,external
DAY 30,33,instantly
DAY 30,34,norm
DAY 30,35,analyze
DAY 30,36,clarify
DAY 30,37,defend
DAY 30,38,reputation
DAY 30,39,exclude
DAY 30,40,net
